圣墟,辰东,玄幻,东方玄幻,在破败中崛起，在寂灭中复苏。沧海成尘，雷电枯竭，那一缕幽雾又一次临近大地，世间的枷锁被打开了，一个全新的世界就此揭开神秘的一角……,350.97万字
飞剑问道,我吃西红柿,仙侠,古典仙侠,在这个世界，有狐仙、河神、水怪、大妖，也有求长生的修行者。修行者们，开法眼，可看妖魔鬼怪。炼一口飞剑，可千里杀敌。千里眼、顺风耳，更可探查四方。……秦府二公子‘秦云’，便是一位修行者……,84.18万字
修真聊天群,圣骑士的传说,都市,异术超能,某天，宋书航意外加入了一个仙侠中二病资深患者的交流群，里面的群友们都以‘道友’相称，群名片都是各种府主、洞主、真人、天师。连群主走失的宠物犬都称为大妖犬离家出走。整天聊的是炼丹、闯秘境、炼功经验啥的。,541.9万字
一念永恒,耳根,仙侠,幻想修仙,一念成沧海，一念化桑田。一念斩千魔，一念诛万仙。唯我念……永恒这是耳根继《仙逆》《求魔》《我欲封天》后，创作的第四部长篇小说《一念永恒》,369.04万字
汉乡,孑与2,历史,架空历史,我们接受了祖先的遗产，这让中华辉煌了数千年，我们是如此的心安理得，从未想过要回归那个在刀耕火种中苦苦寻找出路的时代。反哺我们苦难的祖先，并从中找到故乡的真正意义，将是本书要讲的故事。,134.55万字
斗罗大陆III龙王传说,唐家三少,玄幻,异世大陆,伴随着魂导科技的进步，斗罗大陆上的人类征服了海洋，又发现了两片大陆。魂兽也随着人类魂师的猎杀无度走向灭亡，沉睡无数年的魂兽之王在星斗大森林最后的净土苏醒，它要带领仅存的族人，向人类复仇！唐舞麟立志要成,411.5万字
牧神记,宅猪,玄幻,东方玄幻,大墟的祖训说，天黑，别出门。大墟残老村的老弱病残们从江边捡到了一个婴儿，取名秦牧，含辛茹苦将他养大。这一天夜幕降临，黑暗笼罩大墟，秦牧走出了家门……做个春风中荡漾的反派吧！瞎子对他说。秦牧的反派之路，,177.59万字
异常生物见闻录,远瞳,科幻,时空穿梭,郝仁，人如其名，是个好人，理想是平平安安过一辈子，当个穷不死但也发不了财的小房东——起码在他家里住进去一堆神经病生物之前是这样。一栋偏僻陈旧的大屋，一堆不怎么正常的人外生物，还有一份来自“神明”的劳动,523.34万字
天道图书馆,横扫天涯,玄幻,异世大陆,【2017最火玄幻作品，海外点推双榜第一】张悬穿越异界，成了一名光荣的教师，脑海中多出了一个神秘的图书馆。只要他看过的东西，无论人还是物，都能自动形成书籍，记录下对方各种各样的缺点，于是，他牛大了！教,325.05万字
大王饶命,会说话的肘子,都市,都市生活,灵气复苏的时代，寂静生活碎掉了，仿佛雷霆贯穿长空，电光直射天心，雨沙沙地落下。凡逆我们的终将死去，这就是法则。……这是一个吕树依靠毒鸡汤成为大魔王的故事。,132.19万字
极道天魔,滚开,仙侠,修真文明,妖魔横行，世人苦难。神兵魔刃，遮耀天下。手机上的一款游戏修改器，意外成了路胜脑海里的异能。也成了他在这个黑暗乱世唯一的依靠。~~~~~~~欢迎加入企鹅群滚开书友群，群号码：331453690V群号码：,240.09万字
我的1979,争斤论两花花帽,都市,都市生活,一觉醒来，回到70年代，再次面对过往，你猜不透的结局..........,256.68万字
带着仓库到大明,迪巴拉爵士,历史,两宋元明,方醒穿了，带着两个仓库穿了！别人穿越是带着王霸之气，方醒却是只想种田！“我只想在这个时代悠闲的活着！”坐拥大别墅，顺便教几个弟子，努力让他们往上爬，好给自己当靠山！可谁想弟子有些不靠谱，居然是....,428.31万字
奶爸的文艺人生,寒门,都市,娱乐明星,“粑粑！”刚穿越到平行世界，就看到有个精致可爱的小女孩喊自己爸爸，杨轶表示有些懵逼。好吧，曦曦是百分之百的亲女儿，而孩子她妈居然是高冷绝美的过气歌后。这乐子闹大咯！问题也接踵而至。怎么哄娃？前世是孤胆,225.45万字
重生之财源滚滚,老鹰吃小鸡,都市,都市生活,当重生成为一种潮流，李东也幸运地赶上了重生的马车。上辈子遗憾太多，这辈子且让他一一弥补！看小人物重回2004，亲情爱情双丰收，发家致富两不误！（读者群:250605308，全订群号:572213998,615.87万字
龙皇武神,步征,都市,异术超能,都市修仙至尊爽文！渡劫期大修士凌云魂穿都市，仙武同修，丹药、炼器，画符，布阵无所不能，以无敌之姿逆天崛起，脚踩八方！,537.63万字
重生之都市修仙,十里剑神,都市,异术超能,正式版：渡劫期大修士陈凡陨落在天劫中，却一梦五百年重回地球的年少时代。上一世我登临宇宙之巅，俯瞰万界，却无人相伴。这一世只愿不负前尘不负卿。通俗版：修行五百年的渡劫期修仙者重生回都市，弥补遗憾，扮猪吃,349.76万字
斗战狂潮,骷髅精灵,仙侠,修真文明,双月当空，无限可能的英魂世界孤寂黑暗，神秘古怪的嬉命小丑百城联邦，三大帝国，异族横行，魂兽霸幽这是一个英雄辈出的年代，人类卧薪尝胆重掌地球主权，孕育着进军高纬度的野望！重点是……二年级的废柴学长王同学,259.71万字
凡人修仙之仙界篇,忘语,仙侠,神话修真,凡人修仙，风云再起时空穿梭，轮回逆转金仙太乙，大罗道祖三千大道，法则至尊《凡人修仙传》仙界篇，一个韩立叱咤仙界的故事，一个凡人小子修仙的不灭传说。特说明下，没有看过前传的书友，并不影响本书的阅读体验，,52.89万字
道君,跃千愁,仙侠,幻想修仙,一个地球神级盗墓宗师，闯入修真界的故事……桃花源里，有歌声。山外青山，白骨山。五花马，千金裘，倚天剑。应我多情，啾啾鬼鸣，美人薄嗔。天地无垠，谁家旗鼓，碧落黄泉，万古高楼。为义气争雄！为乱世争霸！你好,223.78万字
放开那个女巫,二目,奇幻,史诗奇幻,程岩原以为穿越到了欧洲中世纪，成为了一位光荣的王子。但这世界似乎跟自己想的不太一样？女巫真实存在，而且还真具有魔力？女巫种田文，将种田进行到底。,234.93万字
民国之文豪崛起,王梓钧,历史,清史民国,周赫煊回到民国时代，不会带兵打仗，不懂科学技术，不喜从政从商，那他还能干什么？唉，抄书抄诗混日子吧。谁知抄着抄着就成大文豪了，动荡的时局推着周赫煊不断向前。有人崇拜他，有人仇视他，还有人想杀他，欲除之,193.94万字
超神机械师,齐佩甲,游戏,游戏异界,韩萧，《星海》骨灰级代练，被来自东（zuo）方(zhe)的神秘力量扔进穿越大军，携带玩家面板变成NPC，回到《星海》公测之前，毅然选择难度最高的机械系。战舰列队纵横星海，星辰机甲夭矫如龙，幽能炮毁天灭,122.93万字
全职法师,乱,玄幻,异世大陆,一觉醒来，世界大变。熟悉的高中传授的是魔法，告诉大家要成为一名出色的魔法师。居住的都市之外游荡着袭击人类的魔物妖兽，虎视眈眈。崇尚科学的世界变成了崇尚魔法，偏偏有着一样以学渣看待自己的老师，一样目光异,508.59万字
系统的黑科技网吧,逆水之叶,科幻,时空穿梭,开在异界的网吧，上网看剧玩游戏某武帝内流满面地在网吧门前大喊：“得入暴雪门，无悔游戏生啊！”某仙子玩完《仙剑奇侠传》在网吧门前哭得稀里哗啦！什么你跟我说异界人没有情怀？方老板默默地掏出了他从《诛仙》中,119.03万字
全能游戏设计师,青衫取醉,游戏,游戏系统,游戏设计师陈陌穿越到点歪了科技树的平行世界，用一款又一款神级游戏颠覆游戏圈的故事。“就以这个时代的游戏设计理念而言，不把整个游戏行业吊起来打那我真是枉受国产免费游戏洗礼了。”——陈陌。书友群：5580,147.31万字
美食供应商,会做菜的猫,都市,都市生活,“在遥远的东方，存在着一个数次拒绝了米其林三星评价的奇怪小店。那里价格昂贵，一碗配汤蛋炒饭288RMB，哦忘了还有一碟泡菜，但就算是这样也有很多人排队等候。那里不接受预定，只接受本人现场排队，无数人开,217.49万字
大魏宫廷,贱宗首席弟子,历史,架空历史,生作大魏皇子，愿当盛世闲王。志在偎红倚翠犬马声色，胸怀家国百姓社稷安危。若兄贤，若弟明，尔为人王吾偷闲。若尔不能使国强，吾来登基做帝王！————弘润《你不行我上》,577.17万字
我是至尊,风凌天下,玄幻,东方玄幻,药不成丹只是毒，人不成神终成灰。…………天道有缺，人间不平，红尘世外，魍魉横行；哀尔良善，怒尔不争；规则之外，吾来执行。布武天下，屠尽不平；手中有刀，心中有情；怀中美人，刀下奸雄；冷眼红尘，无憾今生。,174.57万字
重生完美时代,公子不歌,都市,都市生活,老牌程序员出身的李牧，被命运一脚踹回了2001年高考的当口，他欣喜的拍拍屁股，起身便踏上了一条注定牛X的道路。重活一回，李牧有他自己的追求，赚钱只是牛X的初级阶段，至于登上时代周刊、制霸IT产业、问鼎,449.36万字
顾道长生,睡觉会变白,都市,异术超能,本以为是写实的都市生活，结果一言不合就改设定！灵气复苏，道法重现，这大概是一个现代文明转变成修真文明的故事。…………本书仍然很墨迹书友群：666-464-52。V群：465-455-757,135.91万字
帝霸,厌笔萧生,玄幻,东方玄幻,千万年前，李七夜栽下一株翠竹。八百万年前，李七夜养了一条鲤鱼。五百万年前，李七夜收养一个小女孩。今天，李七夜一觉醒来，翠竹修练成神灵，鲤鱼化作金龙，小女孩成为九界女帝。这是一个养成的故事，一个不死的人,930.42万字
神话版三国,坟土荒草,历史,秦汉三国,陈曦看着将一块数百斤巨石撇出去的士卒，无语望苍天，这真的是东汉末年？吕布单枪匹马凿穿万人部队，这怎么看都不科学。赵子龙真心龙魂附体了，一剑断山，这真的是人？典韦单人护着曹操杀出敌营，顺手宰了对面数千步,676.18万字
逆流纯真年代,人间武库,都市,都市生活,"时光是一艘航船，有人喜欢把90年代初的那几年，视为曾经那个纯真年代的最后一程。岁月更迭中早已不再单纯的江澈，逆流归来，重启1992,书写一场终于可以被妥善安放的璀璨青春。【欢迎加入逆流纯真年代VIP二",139.12万字
我的姐姐是大明星,卖报小郎君,都市,都市生活,某年某月某天，姐姐忽然说：“我要做明星。”秦泽淡定道：“老姐，你想被老爹活活打死，我不反对。”姐姐义正言辞：“秦泽，姐姐照顾你这么多年，这个锅，你必须背。”这是一个姐姐不断坑弟弟的故事。秦泽：“妈蛋，,167.31万字
俗人回档,庚不让,都市,都市生活,33岁的报社审读编辑边学道一梦回到高考前48天的高中课堂里，本来想囤房子一心当寓公的中年大叔依靠长年读报纸的信息积累，先后踏足IT、娱乐传媒、大数据、无人机、太空探索、新能源等领域，取得耀眼的成就。事,407.38万字
逍遥小书生,荣小荣,历史,架空历史,21世纪工科男，穿越古代成为一名穷书生。大脑里面居然装着一个图书馆，各种知识应有尽有！这辈子不说封侯拜相，怎么也得当个大官玩玩吧？迎着初升的朝阳，李易发下宏愿，勇敢的迈出了在这个世界的第一步。“站住！,246.92万字
真武世界,蚕茧里的牛,玄幻,东方玄幻,卷入了三十三天所有巅峰强者的一场浩劫，人皇与他的对手最终一战，打碎了深渊世界，曾经封镇深渊魔王的神器，一张神秘的紫色卡片，却消失在时空漩涡中，横穿无尽的时空。辽阔的蛮荒，武道文明还处于初始阶段，正在缓,345.06万字
神藏,打眼,都市,都市生活,一念之间，沧海桑田打眼带你进入古玩的世界！！！,340.44万字
超级神基因,十二翼黑暗炽天使,玄幻,高武世界,未来波澜壮阔的星际时代，人类终于攻克了空间传送技术，可是当人类传送到另一端的时候，却发现那里并不是过去未来，也不是星空下的任何一片土地……神秘的庇护所世界，无数强横的异生物，人类迎来了令人热血沸腾的飞,479.39万字
武炼巅峰,莫默,玄幻,东方玄幻,武之巅峰，是孤独，是寂寞，是漫漫求索，是高处不胜寒逆境中成长，绝地里求生，不屈不饶，才能堪破武之极道。凌霄阁试炼弟子兼扫地小厮杨开偶获一本无字黑书，从此踏上漫漫武道。请关注我的公众号“莫默”。,1228.84万字
重生之神级学霸,志鸟村,都市,都市生活,生物系研究僧出身的猥琐胖子杨锐，毕业后失业，阴差阳错熬成了补习学校的全能金牌讲师，一个跟头栽到了1982年，成了一名高大英俊的高考复读生，顺带装了满脑子书籍资料80年代的高考录取率很低？同学们，跟我学,450.74万字
文化入侵异世界,姐姐的新娘,科幻,时空穿梭,一群巨龙搬着小板凳日夜追看《权力游戏》。精灵大德鲁伊们因为《忠犬八公的故事》而潸然泪下。人类与矮人在《炉石传说》酒馆中为一张传说卡牌而大大出手。甚至就连神明也亲自来到凡间催更小说《福尔摩斯探案集》的连,134.06万字
重燃,奥尔良烤鲟鱼堡,都市,都市生活,程燃重生在这个熟悉又陌生的世界……程程皆燃。官方qq群：263685930,66.62万字
超级怪兽工厂,匣中藏剑,都市,异术超能,我叫叶青，幸运获得了一款叫【怪兽工厂】的应用。这帮力大无穷的怪兽，干起活来一个能顶一百个，还带各种技能。效率？加工速度+300%技能一开，你跟我比效率？精度？咳咳～把我那把传奇品质的游标卡尺拿来，让他,236.6万字
修真四万年,卧牛真人,科幻,未来世界,“倘若这宇宙，真是一片残酷血腥的黑暗森林，我们修真者，也会燃烧自己的生命，绽放出微弱的火花！”“哪怕这火花再微弱，再短暂，再渺小，可是只要我们源源不断，前赴后继，终有一日，火花会点燃杂草，杂草会燎到灌,938.58万字
天唐锦绣,公子許,历史,两晋隋唐,穿越是一件很有意思的事儿，但是当房俊穿越到那位浑身冒着绿油油光芒的唐朝同名前辈身上，就感觉生活全都不好了……,340.13万字
校花的贴身高手,鱼人二代,都市,异术超能,传奇杀手回归都市，奉旨保护校花！我是校花的贴身高手，你们最好离我远一点，不然大小姐又要吃醋了！【鱼宝宝书友1群333702438（已满），鱼宝宝书友2群417723151】,1394.01万字
间谍的战争,如水意,军事,谍战特工,作为一个普通人却要向间谍宣战，最好的办法是同样成为一个间谍。作为一个间谍，要向一个实力强大的间谍组织开战，那就加入一个同样强大的间谍组织。如果无法加入任何一个强大的间谍组织，那就自己建立起一个间谍组织,91.98万字
万界天尊,血红,玄幻,东方玄幻,天为何物？高高在上，威严莫测，是法则，是戒律，是无情，是冷酷。天意，何也？俯瞰众生，操持风云，褫夺赏罚，随性而为。故，天意不可测，苍天不可近。顺之应之，未必得其利；逆之叛之，福祸却难定。天，禁锢万物如,269.37万字
逍遥梦路,文抄公,游戏,游戏异界,深山宅男，一路种种田，养养鱼，做做梦，顺带悠闲成长的故事。咦？最后一不小心征服诸天万界，成为了大BOSS？莫非我还没睡醒？,196.14万字
我要做门阀,要离刺荆轲,历史,秦汉三国,西汉中期，民生聊困，国势日衰。无数士大夫名士，纷纷高呼：张生不出，奈天下何！？于是，谚曰：张与刘，共天下。本书扣扣群：73927047,126.38万字
蛊真人,蛊真人,仙侠,幻想修仙,人是万物之灵，蛊是天地真精。一个穿越者不断重生的故事。一个养蛊、炼蛊、用蛊的奇特世界。春秋蝉、月光蛊、酒虫、一气金光虫、青丝蛊、希望蛊……雄山漫道真如铁，如今迈步从头越。险就一身乾坤精，我心依旧望苍天,607.67万字
寒门崛起,朱郎才尽,历史,两宋元明,这是一个就业路上屡被蹂躏的古汉语专业研究生，回到了明朝中叶，进入了山村一家幼童身体后的故事。木讷父亲泼辣娘，一水的极品亲戚，农家小院是非不少。好在，咱有几千年的历史积淀，四书五经八股文，专业也对口，谁,191.7万字
欢迎来到BOSS队,李古丁,科幻,时空穿梭,我叫欧阳靖，穿越者，曾用名：欧阳克。因为穿越的关系，我知道很多秘密。所以我不但练成了蛤蟆功，还练成了九阳神功、重剑剑法。现在我终于神功大成，准备去桃花岛提亲，感觉自己即将走上人生巅峰。然而万万没想到，,135.57万字
儒道至圣,永恒之火,玄幻,东方玄幻,这是一个读书人掌握天地之力的世界。才气在身，诗可杀敌，词能灭军，文章安天下。秀才提笔，纸上谈兵；举人杀敌，出口成章；进士一怒，唇枪舌剑。圣人驾临，口诛笔伐，可诛人，可判天子无道，以一敌国。此时，圣院把,554.6万字
奋斗在红楼,九悟,历史,架空历史,大周朝，雍治7年冬，美丽、傲娇的小萝-莉林黛玉刚刚进入贾府。现代理科男穿越红楼贾府庶子贾环。如果不想被贾府的猪队友们连累的抄家杀头，就要早做准备。这是一个庶子逆袭的故事。Ps：本书是架空历史爽文。非考,297.65万字
最佳影星,白色十三号,都市,都市生活,我要躺在钞票堆里打滚！我要做好莱坞巨星！群：323320648。,213.47万字
重生军工子弟,葫芦村人,都市,都市生活,工业革命之后，欧洲科技发展数百年，新中国成立不过几十年。普通科技产业，我们需要埋头追赶；在高精尖端领域，我们需要弯道超车。作为一名在军工单位奋斗了数十年的技术人员，谢凯重生了，回到了那个改变了他跟很多,142.32万字
超级卡牌系统,黑乎乎的老妖,游戏,游戏异界,一不小心穿越到了海贼王的世界，肿么办？还好随身带着超级幻想卡牌系统，能抽取各种幻想人物。黑龙波对岩浆果实，八稚女对人妖拳法……（不知道为啥，每次写简介都感觉好无力……）,244.4万字
调教大宋,苍山月,历史,两宋元明,庆历六年，歌舞升平的赵宋王朝。迎来了一个疯子....亲眼见识了大宋的雍容华贵与温情。起初唐奕只想享受这个时代，什么靖康之耻、蒙古铁骑都与他无关。反正再怎么闹腾历史都有它自己的轨迹。千年之后中华还是中华,265.82万字
都市超级医圣,断桥残雪,都市,异术超能,财法侣地，修行其实是一项非常耗钱的奢侈运动。无意中得到传说中修道，炼丹，医药学家葛洪的传承，淳朴的山里人葛东旭开始努力赚钱。当大多数人还在读高中时，他为了炼丹修行已经开始一边读书一边赚钱。当大多数人读,289.12万字
灵魂导游,顾大石,都市,异术超能,带着秦始皇去西安看兵马俑。导游秦牧白意外身死被诡异的复活之后，他就接到了一个任务，带一些特殊的人去旅游，而他的第一个任务就是带着秦始皇去西安看兵马俑……,153.44万字
彪悍的人生,新丰,都市,都市生活,我叫林凡，有个百科全书，什么都会一点点。第一届国际装逼舞台上，参赛选手全部落败。众人：大哥，你装逼为何如此厉害。林凡：我从来不装逼……。彪悍的人生正版群：590638852PS：老书《最强的系统》正在,269.37万字
女帝家的小白脸,袖里箭,都市,异术超能,这是一个单人徒手拆城墙的世界，女帝养着一只麒麟，大夏皇宫的池子里有龙存在，还有只闻其名的剑山，不时有灵剑下山寻主。任八千紧抱女帝大腿，大步走上人生巅峰。每个成功的男人背后都有那么一个女人。,118.98万字
火影之活久见,李四羊,二次元,衍生同人,穿越火影世界，重生漩涡一族，获得属性系统，天赋背景俱佳，漩涡正彦表示很满意。“但是，火影战国是什么鬼？到了木叶建立，我大概得……70岁？”直到有一天，正彦发现了系统的另一种打开方式，他真正的越活越年轻,116.04万字
贞观大闲人,贼眉鼠眼,历史,两晋隋唐,大唐贞观，天下靖平，山河壮丽，独钟李氏。李靖北击突厥，太宗东征高丽，兵锋之盛，威服四海。待从头，重整旧山河。功臣画像前，李渊拨弹琵琶独怅然，凌烟楼阁上，李世民大醉翩翩舞春风。中国历史上最壮丽，最磅礴，,314.56万字
交锋,可大可小,军事,谍战特工,在一般人眼中，他是平庸、无能、贪婪，甚至有些愚蠢的警察。因为他，经常行动失败，多次无意泄露了重要情报。但他交游广泛，善于溜须拍马和钻营，是军政不倒翁。在日伪眼中，他忠诚、可靠。而在军统的眼中，他是人才,429.25万字
异世界的美食家,李鸿天,玄幻,异世大陆,在武者举手可裂山川，甩腿可断长河的玄幻世界中，存在着这样一家小餐馆。小餐馆不大，但却是无数顶尖强者趋之若鹜之地。在那儿你可以品尝到用凤凰蛋和龙血米炒成的蛋炒饭。在那儿你可以喝到生命之泉配朱果酿制的烈酒,459.62万字
大道争锋,误道者,仙侠,幻想修仙,不堕轮回入大千，心传一道在人间。愿起一剑杀万劫，无情换作有情天!…………书友群：大道争锋【217929481】溟沧派【124680866】粉丝自建订阅群：大道争锋·诸域纪年【526275426】入群要,648.71万字
大文豪,上山打老虎额,历史,架空历史,久经商战中勾心斗角，推杯把盏中尔虞尔诈的文学青年陈凯之回到了古代。放眼看去，这里尽是歌楼酒坊，灯红酒绿，才子佳人。好吧，暂时这些和陈凯之没关系。寒门少年一枚，身份尴尬。且看这寒门少年如何一路逆袭，成就,267.28万字
老衲要还俗,一梦黄粱,都市,都市生活,东北偏远山区的一指山上有一座小庙，名叫一指庙。庙宇不大，却神奇无比。庙中有米，十里飘香。庙中有水，甘甜无比，胜过琼浆。庙中有佛，心诚必灵。庙不大，却应有尽有；庙不大，香火之旺盛，却远超所有寺院；庙不大,238.49万字
电影的世界,有梦之人,科幻,时空穿梭,在电影的世界里唯有不断地变强，才能主宰自己的命运。“当人们看到你成功的光芒，便会忘记你手段的黑暗。”徐一凡如是地说。正版订阅群：636729383,122.55万字
白袍总管,萧舒,武侠,武侠幻想,身怀佛家神通，进入国公府成为杂役，江湖之中，庙堂之上，儿女情长，英雄壮歌。VIP群：129395774，全订可进。,626.51万字
通天仙路,苍天白鹤,玄幻,东方玄幻,风雪交加，霜寒刺骨，一个老工匠从街上收养了一个快被冻死的孩子。得军火，锻兵器，一身神技，引得八方相求。习武道，护家国，拳打乾坤，脚踏通天仙路！《通天仙路》书友群：511418664《通天仙路》全订群，,374.83万字
大国重工,齐橙,都市,都市生活,冶金装备、矿山装备、电力装备、海工装备……一个泱泱大国，不能没有自己的重型装备工业。国家重大装备办处长冯啸辰穿越到了1980年，看他如何与同代人一道，用汗水和智慧，铸就大国重工,190.6万字
史上最强店主,南极烈日,科幻,时空穿梭,商通万界，让所有人给我打工。周阳意外获得万界商铺系统，交易万千位面。“我曾举行一次小型拍卖会，来到的皇帝就有一百多位，听说还有两个叫李世民的皇帝。”“我曾让神雕世界的所有人，帮我养殖菩斯曲蛇。”“我曾,357.56万字
重生之最强人生,俊秀才,都市,都市生活,一次跑步锻炼，殷俊从迷雾中穿出来时，已经回到了78年的香江。这一年，还没有霸占荧幕的综艺节目，没有熟悉的特效大片，也没有耳熟能详的歌曲。这一年，香江电视剧还没有好戏频出，香江电影也没有火遍全亚洲，香江,420.03万字
轮回乐园,那一只蚊子,二次元,衍生同人,苏晓与轮回乐园签订契约，穿梭在各个动漫世界内执行任务。喰种世界，苏晓手持利刃追杀独眼枭·高槻泉十几条街区。顶上战场，苏晓站在海军的尸堆上，遥望处刑台上脸色难看的战国，以及目瞪口呆的艾斯。众契约者：“你,168.01万字
跑出我人生,丧尸舞,体育,体育赛事,重回少年时代的苏祖，得到了一个系统，走上了曾经梦想追逐的体育竞技之路。新书友群：666-502-656,112.82万字
盗天仙途,荆柯守,仙侠,幻想修仙,福地产生地仙，洞天来往天仙，我有梅花一株，盗取一线天机！,225.45万字
文娱万岁,我最白,都市,都市生活,这是一个片场暴君肆虐在文娱大时代的故事，一个背负此岸之繁华，成就彼岸之神话的故事——可以说是非常扯淡。ps：已有均订破万作品《文娱教父》，欢迎阅读！,83.11万字
生于1984,老徐牧羊,都市,娱乐明星,依旧华娱系列…从小鲜肉到大导演…群号：608668087V群：155327545（需订阅截图）,144.35万字
动力之王,千年静守,都市,都市生活,被大宇宙的意志给踢回了1978年的陈耕，故事再次开始。,68.91万字
名侦探世界里的巫师,追梦人Love平,二次元,衍生同人,一个末法时代的鬼巫师车祸被撞死，灵魂穿越，发现自己来了日本，附体在了一个日本人的身上。正想着要在日本闯出一个名堂来，结果顺手拿起一份报纸扫了一眼——工藤新一，日本平成年代的福尔摩斯，警察的救世主？卧槽,293.53万字
完美人生,刀一耕,都市,都市生活,李谦重生了。另外一个时空的1995年。在这里，他当然比普通人更容易获得成功。但成功是什么？钱么？或者，名气？地位？荣耀？都是，但不全是。有了那回眸的浅浅一笑，那牵手的刹那温暖，那入怀的淡淡体香；这人生,451.23万字
寒门枭士,高月,历史,两宋元明,当金兵的铁蹄即将踏碎黄河坚冰，他走进了这个繁华如清明上河图的时代,231.77万字
直死无限,如倾如诉,科幻,时空穿梭,“从今天起，你将成为主神空间中的一名主神使者，周而复始的来往于一个个的世界，那样，你会得到别人一辈子都得不到的东西。”从这句话在方里的脑海中响起的那一个瞬间，方里的人生注定变得不再平凡...（PS：已,461.22万字
剑灵同居日记,国王陛下,仙侠,幻想修仙,“天外神剑剑灵，应呼唤而苏醒，我问你，你就是我的坐骑么？”一个无敌的随身剑灵与天才美少女（们）的同居故事。公众粉丝群：633948707,132.16万字
一品道门,第九天命,仙侠,神话修真,二十一世纪道家弟子张百仁，因为触动先天剑胎，逆转时空降临隋唐时空。论道钟离权，斗剑吕洞宾！拂袖压玄奘，一剑退达摩！统御之权，归于至圣，天命帝以司牧，帝承天而抚临。这一日，张百仁背负双手傲立于紫禁之巅，,211.27万字
特拉福买家俱乐部,夕山白石,都市,异术超能,洛邱无意之中成为了一家‘俱乐部’的老板。但是这家俱乐部好奇怪。它不仅仅拥有一个工作了三百年的人偶女仆，而且还会贩卖各种古怪的东西。洛邱渐渐发现，他生活着的社会之中，拥有着多不胜数为欲望所驱使的家伙，而,334.78万字
宠物天王,皆破,都市,都市生活,【1.下载一款可疑的游戏】【2.捕捉几只神奇的宠物当伙伴】【3.在轻松有趣的日常里，带领宠物店走上崛起之路】读者群：513717593（无粉丝值要求）VIP群：567288256（5000及以上粉丝值,172.21万字
白银霸主,醉虎,玄幻,东方玄幻,世界上最珍贵的东西都是免费的，常人却总视而不见，除了空气，阳光，亲情这些最珍贵的东西之外，还有一种最珍贵的东西，就在你的身边，唾手可得，不知道你是否看见？本书读者群：167726456,121.62万字
大宋将门,青史尽成灰,历史,两宋元明,没有杨柳岸晓风残月，没有把酒问青天，没有清明上河图……一个倒霉的写手，猛然发现，自己好像来到了假的大宋……家道中落，人情薄如纸。外有大辽雄兵，内有无数猪队友，滔滔黄河，老天爷也来添乱……再多的困难，也,359万字
难道我是神,熊狼狗,玄幻,东方玄幻,“放开那只猫咪！”一颗流星划过天际，无数的超能力出现在这个世界上。但这一次获得觉醒的主角却不是人类，而是猫……于是无数的猫咪脑海中涌现出一个想法：‘难道我是神？’而普通人赵耀，是唯一可以真正掌管这些超,101.32万字
永恒国度,孤独漂流,仙侠,神话修真,2019年9月23日凌晨，天灾降临。天道生变，万灵欲念执念充斥天地，天道不能承受，恶念横行，众生意念演变幻想世界，恶念，善念，执念，欲望纠缠不休，天道无法承受，已到极限，极则变，幻想降临，万界相融，万,302.28万字
重生日本当厨神,千回转,都市,都市生活,作死发下大宏愿，宁愿吃料理到撑死的夏羽，来到一个令他完全陌生的食戟之灵世界。什么，厨神养成？“你要满足的不仅仅是正常人类的食欲，还有各种各样的妖魔，百鬼夜行，用食物感化它们！”老头子酷酷的对他如此说。,240.6万字
马前卒,枪手1号,历史,架空历史,不停地战斗，不停的杀敌，秦风是国家的悍将，军队的马前卒，永远冲锋在第一线，用赫赫战功书写着自己光荣的履历，但大变陡至，昔日的功臣，转眼之间却成了国家的罪人，人人得而诛之的叛徒，兄弟血洒疆场，部下反目成,437.9万字
超级浮空城,诸生浮屠,玄幻,异世大陆,建造有史以来最牛逼的浮空城，去探索无尽星海，收集各类可爱的魔物娘女仆。【PS：简介都不许我文青一下。摔！这个够简单粗暴了吧。因为浮屠的读者老司机太多，据说配合本章说阅读会有新奇的体验。阅读前请系好安全,118.22万字
第三帝国,华东之雄,军事,军事战争,重生到几十年前的慕尼黑啤酒馆，成为了冲锋队员的希瑞克，勇敢地融入这个时代！横扫欧洲，脚踢英美，拳打苏联！元首不幸遇刺，高举万字旗，希瑞克成为第三帝国的新任元首。望着遥远的东方，希瑞克的声音在整个欧洲回,294.12万字
我的末世基地车,黑暗荔枝,科幻,末世危机,末世即将到来，江流石意外得到了一个可以让交通工具改装升级的黑科技。扫描一下，立刻就可以进行改装。什么，你以为我这是中巴车？其实我这是可以在怪物丧尸中横冲直撞，还能变形的超级基地车。不但防弹防丧尸，里面,159.99万字
最强反套路系统,太上布衣,仙侠,幻想修仙,原书名《最强装逼打脸系统》！最强反套路，我TM反手就是一个套路，横扫修仙界无敌手，就问一声还有谁？装逼如风，常伴吾身！长路漫漫，装逼相伴！生死看淡，不服就干！“年轻人，当年我开始装逼的时候，你们还在穿,295.26万字
位面之纨绔生涯,昨夜大雨,科幻,时空穿梭,我们的故事，从得到一个很‘拉风’的系统开始。从此秦观穿越位面，获得奖励，一步步变强。请注意，本文不是历史文，不是仙侠文，是爽文。,125.09万字
基因武道,月中阴,玄幻,高武世界,基因是人类禁区，是神之领域，掌握了基因的奥秘，那就掌握了神的力量！大名鼎鼎的“基因武道理论”道尽了武道强者力量的来源，练习武功，打破自身基因锁，成就“非人”，这就是武道的真谛。大三学生林峰，意外得到了,241.29万字
天行战记,七十二编,玄幻,东方玄幻,天道之行，力争上游。夏北站在英雄殿雕塑前，看着基座上的一行字。“我们的征途，永不止步！”,21.38万字
苍穹之上,石三,仙侠,神话修真,苍穹之下的千年苦修，只为有朝一日立身于苍穹之上！位于洪武天朝和妖族七杀部咽喉要地的天断峡谷中，忽有天降神异之物，裹挟着一众修兵，滚入了浩荡的历史洪流当中……宋征只是其中不那么起眼的一员。他读过圣贤书，,85.47万字
美利坚财富人生,羞涩的小恶魔,都市,都市生活,从2015年的华夏手游程序员宋大伟穿越附体2006年溺亡的美国少年作家安迪史密斯，既然重生了那么就好好的享受生活吧。财富人生——608930126vip群————589506577（需全订截图）,252.56万字
决战第三帝国,远征士兵,军事,军事战争,秦川，一个从没上过战场的教授，一个考古学家，因为元首的黑科技回到了第三帝国并成为一名普通的德国士兵，一名被战友认为只会拖后腿的士兵，一名无组织、无训练、无经验的三无士兵，更悲催的这还是德国即将失败即将,116.85万字
抗日之特战兵王,寂寞剑客,军事,抗战烽火,徐锐，共和国有史以来的超级兵王，又在某军事学院指挥系深造了三年，在一次对抗演习中意外穿越到了1937年的淞沪战场。此时，淞沪会战已经接近尾声，中国军队已经全面溃败。且看徐锐如何凭借超强的军事素养以及超,655万字
机破星河,当年离歌,科幻,星际文明,梦想是……有实力的人才能谈论的现实。这是一个天才辈出的时代！这是一个英杰遍地的时代！贵族与平民的激烈冲突，联邦与帝国的明争暗斗，蠢蠢欲动的域外……当真理就在战舰巨炮射程之内，秩序无处宣章之际。沐凡携着,339.06万字
大牧场主,陶良辰,都市,都市生活,重生八十年代美国华人富豪家族，天生就有亲和动植物的能力。科迪亚克棕熊悠然坐在屋檐下，龙猫被异国短尾猫追着跑。雪山映在湛蓝天空中，微风吹过草原，罗塔湖面荡起波澜，一望无际的薰衣草田随风摇摆。sos集团、,445.21万字
湾区之王,磨砚少年,体育,体育赛事,“中国人，在橄榄球的圈子里绝对不可能取得成功！”“你柔弱得就好像小鹿斑比，根本无法形成对抗！”“你有头脑、有智慧，但缺乏天赋。”陆恪：但，我有系统。手持系统，我要站上巅峰舞台，建立属于我的王朝！书友群,135.95万字
无疆,小刀锋利,仙侠,幻想修仙,鹰击长空，鱼跃龙门，熊咆虎啸，万物皆有灵。末法之极，磁极轮转，世界变迁。曾经那个熟悉的世界，已经变得面目全非。当神话变成现实，当传说不再神秘，世界无疆，热血永恒。,173.99万字
寻找走丢的舰娘,海底熔岩,二次元,衍生同人,当你脱坑好长时间之后你可曾想过你的姑娘们会怎样？港区因为长官离开而分崩离析；胡德带着声望离开去了遥远的城市，提尔比茨为了生活在画同人本子，弗莱彻为了几个妹妹的生活同时打着几份工，无敌的苏赫巴托尔大人一,264.99万字
超能名帅,陈爱庭,体育,足球运动,一个来自中国的菜鸟教练，孤身闯荡欧洲足坛，立志成为世界顶尖名帅。,405.77万字
无上崛起,宝石猫,玄幻,高武世界,紫日当空，天地巨变，皓月有缺，虚空相连！经历了一场被称为大破灭灾难的地球，大部分的生物直接死去，人类在最后的安全区域苦苦坚守，可是他们面对的，不只是变异的凶兽，还有那随时都能破开空间壁垒，进入地球的巨,163.91万字
暴风法神,余云飞,奇幻,剑与魔法,这是一个穿越到艾泽拉斯世界的小青年，为了爱与正义（不要变成食尸鬼），不畏牺牲（可以跑尸体复活），为了寻觅失落的正义与人性（节操），不停掉节操捡回节操的故事。本人计有275万字《暗影神座》、《深渊杀神》,370.52万字
巨星家族,大佑佑,都市,娱乐明星,已过不惑之年的沈秋山意外穿越平行时空，苏醒之后发现，自己竟然生在了一个牛叉闪闪的“文娱世家”……二弟是歌手（过了气的那种）三妹是演员（十八线的那种）四弟是武替（不露脸的那种）小妹是主播（在实习的那种）,72.24万字
两界搬运工,石闻,科幻,时空穿梭,自由穿行在现实世界和玄幻世界之间，安静的做一个两界搬运工。PS1：有六百四十万字完本《末世魔神游戏》可解书荒。PS2：群463750414,349.56万字
变身路人女主,醉卧笑伊人,二次元,变身入替,路人女主的搞事方法，一言不合就搞事，搞着搞着就从路人搞成了女主。这大概是一个将没有存在感的自己培养成完美女主角的故事。,143.45万字
大道朝天,猫腻,玄幻,东方玄幻,千里杀一人，十步不愿行。（大道朝天官方一群，群号码：311875513，大道朝天官方二群，群号码：220593959，欢迎加入）,30.34万字
大盗贼,泛舟填词,游戏,虚拟网游,没炒过股，没买过彩票，官道商场一窍不通，陆离发现自己唯一能做的就是玩游戏。好在他是个重生者，凡事都能抢先一步。好在这个时代的游戏产业极度发达，玩游戏玩成富一代的不计其数。前世，多少个无眠的夜晚，悔恨啃,386.76万字
暗黑破坏神之毁灭,第七重奏01,游戏,游戏异界,百族亲王的奇幻暗黑大陆战（jie）斗(cao)毁灭史。,1708.71万字
漫威世界的术士,火之高兴,奇幻,现代魔法,恶魔是我的奴仆，邪能是我的力量，暗影与烈焰伴我左右，我是一名术士。一名术士行走在漫威的世界里。（没系统，靠自己吧少年。）欢迎加入漫威世界的术士书友群，群号码：177873494,112.36万字
大唐贞观第一纨绔,危险的世界,历史,两晋隋唐,良田千倾靠山河，父作高官子登科。儿孙满堂享天年，长生不老总活着。现代草根宅男因为判官的失误，附身大唐太子李承乾。上有千古一帝的老爹，下有万世人镜魏征，前有千古贤后的老妈，后有万世老魔程妖精。不过这些都,302.55万字
我是瓦尔迪,王大布,体育,足球运动,系统：我的目的不是培养星球上最出色球星，而是培养最逗比的球星瓦尔迪：我可以骂人么？系统：不可以瓦尔迪：%￥#@#￥%@逗逼日常：请在和皇马的比赛中完成两次“思考人生”瓦尔迪：我是超级巨星，我为绿茵逗比,215.37万字
天影,萧鼎,仙侠,幻想修仙,阴阳分天地，五行定乾坤。天穹之下岁月沧桑的中土神州，正是仙道昌盛的时代，亿万生灵欣欣向荣。纵横千万里间，总有人间一幕幕悲欢离合，在恢弘长生的仙道中上演着。有光便有暗，天穹之下光辉之中，仍有沉默的影子悄,170.76万字
恶魔囚笼,颓废龙,游戏,虚拟网游,一款不受任何保护的地下游戏，一群追逐权利、财富、生命的玩家！命不久矣的秦然，选择进入其中——为了活下去的机会！企鹅群（VIP全订：547350184；普通：392362642）请关注微信公众号：吃货龙,322.49万字
修炼狂潮,傅啸尘,玄幻,东方玄幻,这是一个科学与武道并重的时代，大灾变之后，人类发现了超古代修炼文明，开启了一个大修炼时代，并开始了昆仑界的殖民之路！这是一个人类危机重重，同时也是一个热血沸腾的，强者辈出的时代！得到了超古代文明强者丹,372.29万字
铁血德意志,流泪的鱼wyj,军事,军事战争,强权即真理！铁血首相俾斯麦曾说：“当代的重大问题要得到解决，不能凭演说和议会的决议……要凭铁和血。”军事发烧友秦天，重生成了威廉二世的第五子，即奥斯卡王子。原本只想混吃等死的他，阴差阳错却成为了这个帝,338.64万字
变身之萝莉主播,青棘,二次元,变身入替,莫名其妙变成一只十岁小萝莉，莫名其妙又获得一个‘嘴强王者’系统。她可以在直播的时候，将脑子里面的各种不可思议的骚操作实现出来！绝地求生30杀吃鸡？这真的是基本操作，只要单人四排就行，坐下坐下。唱歌直播,92.1万字
朝阳警事,卓牧闲,都市,都市生活,天眼，地眼，不如人眼。社区民警，扎根基层，依靠群众之眼屡破奇案。朝阳群众表示：别犯事，否则你就完蛋了！书友群：457372140（欢迎各位书友加入）VIP书友群：580094506（欢迎打赏订阅的书友,96.99万字
寒门状元,天子,历史,两宋元明,看腻了刀光剑影，鼓角争鸣，或者可以品尝一下社会底层草根的艰苦营生。本书讲述的是穿越大明落魄寒门的沈溪，在这个万般皆下品惟有读书高的年代，用他的努力一步步改变命运，终于走上人生巅峰！天子2016历史巨献,602.06万字
电影教师,青城无忌,都市,都市生活,拍出最好的电影，教出最好的学生。我是张然，电影导演，北电老师，我为中国电影代言！（华娱小说，非喜勿入。）,304.03万字
明星爸爸宝贝妞,沉入太平洋,都市,娱乐明星,“妞妞。”“嗯？”“你爱不爱爸爸？”“爱！”“有多爱？”“很爱！”“很爱是多爱啊？”“像天空一样大的爱！”“嗯！”在登临人生巅峰的时候，罗凯回到了重生前的那一刻。当他再次见到妞妞，才明白自己的归来，正,95.52万字
我从凡间来,想见江南,仙侠,修真文明,我从凡间来，到此觅长生。***********我从凡间来普通群：546435549vip书友群：556919537（需全订验证）,340.65万字
黑科技研发中心,凡核桃,都市,都市生活,"一个位于深山老林中的研发中心，却汇集了全球所有人的目光,只因这里不时流出的一项成果，就引动着全球的神经。让那些有志直播荒野的主播，有了让金属球跟随的希望。那些想去探寻神秘海底的人，拥有了成功的可能。科",120.67万字
重生之最强剑神,天运老猫,游戏,虚拟网游,重头再来，为了掌控命运，再次进入了这款“活着的游戏”。这一次，他不会在受人所制。身为200级剑王，这一世他要攀向更高峰。游戏赚钱技巧！游戏副本攻略！游戏传奇任务！游戏装备出处！玩家所不知的战斗技巧！就,484.09万字
穷鬼的上下两千年,非玩家角色,历史,架空历史,她曾经历了长平之战，见证了数十万人的坑杀。她曾率领大秦铁骑，与六国逐鹿天下。她见过天下三分，山河破碎。也听过那袅袅的隆中琴音。贞观盛世她曾一醉今朝，那千古女帝又是如何芳华？她鲜衣怒马过，也曾羽扇纶巾。,60.22万字
恐怖广播,纯洁滴小龙,奇幻,黑暗幻想,“听众朋友们，欢迎收听【恐怖广播】，希望您能够好好享受我们节目陪伴你的时光，好了，下面，请您转过头，看一看您的身后，是不是有一张人脸正在微笑着看着你？”——————起点精品作者，小龙出品，必属精品！《,339.19万字
太监武帝,沉默的糕点,玄幻,东方玄幻,穿越玄幻版中国古代，成为阉党一小太监。太监养成系统启动，目标：称霸阉党，入主东厂；恢复雄风，迎娶未来女皇。杜变发现在梦境中能够预知即将发生之事，躲开灾祸。而且在梦境中修炼学习，时间变慢十倍，脑域开发提,109.7万字
狂探,旷海忘湖,都市,异术超能,"一个打架不要命,无节操无底线的小痞子，意外穿越到平行空间，摇身变成了一名重案组探员。巨大的身份转换，让他把警局搞得鸡飞狗跳。然而，一个邪门的奇遇系统，却让他屡破奇案，成为了一名个性张狂的痞子神探！PS",232.08万字
刀镇星河,开荒,玄幻,东方玄幻,三年之后，战死广林山的上官玄昊，以应试弟子张信的身份，再次踏入了日月玄宗的天柱山别院，开始了他刀戡日月，剑削星河之路！开荒官方粉丝群：340513328，刀镇星河书友群：298631883，刀镇星河V,209.41万字
仙界科技,想枕头的瞌睡,都市,异术超能,“太上老君，护你那金丹干嘛啊？我不拿你的金丹。……这炉子我拿走了哈！”沈冰玩的一款修仙手游忽然连通了仙界，修仙什么的都是浮云，倒是从仙界获得的物品竟然解析出了黑科技，一张新手传送符弄出了量子传送技术，,151.76万字
电影世界穿梭门,龙升云霄,科幻,时空穿梭,那一天，一道天雷劈下，王旭没有穿越，他家的大门穿越了。电影，电视剧，动漫，小说，远古神话，这里有无尽的时空，也意味着无尽的可能....普通群：260616572vip群，学徒粉丝值可入，要求截图群号：,122.82万字
史上最强师兄,八月飞鹰,玄幻,东方玄幻,燕赵歌第一次穿越，穿到了武道文明繁盛至极的异世界，一头撞进包罗万象，遍收天下经典的神宫藏书楼里，但随后便是一场天地大劫，连神宫也破灭了。接下来居然第二次穿越，灵魂来到了同一个世界，不知多少年后的时代。,372.06万字
大明文魁,幸福来敲门,历史,两宋元明,紫禁城前九重门，百官簪缨南阙来。帽插宫花朝天颜，金殿传胪名声传。十里御街打马过，人称大明状元郎。这是一个现代人在明朝好好读书，天天向上的故事，已有两本两百万字作品完本，人品保证！书友群：164.548,236.49万字
限制级巨星,不如踢球,体育,足球运动,我胖？我还猥琐呢。贪财？我还手黑呢。这是一个猥琐的胖子带着系统闯荡足坛的故事。限制级订阅群：554175932踢球帮：608815778（进群需全订）,258.19万字
霸皇纪,踏雪真人,玄幻,东方玄幻,我的敌人只有两种，一种是跪着的，一种是躺着的。我叫高正阳，蛮荒世界里，最霸道最任性的那个。,369.2万字
无限先知,吴杰超,玄幻,东方玄幻,先知先觉，占尽先机；轮回空间流传的小道消息，让先穿越再被选中的徐越感到有些无语；秘密消息：‘忍村大战’的最后大BOSS叫做大蛇丸，击杀了历代最强影，第三代火影大人。悬赏消息：‘死神大战虚’最亲民的队长,110.29万字
黄金渔村,全金属弹壳,都市,都市生活,在大城市打工多年的敖沐阳回到养育他的家乡小渔村，归途中遇袭落海，揭开了一段草鱼跳龙门的传奇……  深洋千珍、浅海万鱼，神奇的海洋，绚丽的生命；  渔家捕捞、山涧耕种，悠然的田园，简单的乡野；  萌宠机,41.11万字
NBA万界商城,远古莱德,体育,篮球运动,与万千平行位面NBA球星进行交易！艾弗森：“小子，我这穿花蝴蝶步，八折给你！”奥拉朱旺：“小伙子，我看你骨骼清奇，这梦幻舞步就交给你了！”里克-巴里：“额，我这端尿盆……你要不要……不要钱，免费的……,200.27万字
我是全能大明星,天下第一白,都市,都市生活,用“碧海潮生曲”唱歌。使“凌波微步”踢球。“降龙十八炒”助我成就美食天王。屌丝“莫白”获得系统，来到位面世界。音乐，钢琴，绘画，篮球，足球，游泳，击剑，厨艺，书法……我无所不能。不过，其实“莫白”想说,200.47万字
调戏文娱,幼儿园一把手,都市,娱乐明星,风属于天的，我借来吹吹，却吹起人间烟火。……（ps:一本好看的明星文而已，单女主。普通群：600325551，全订群：560860730（需审核）,109.02万字
秦吏,七月新番,历史,上古先秦,战国之末，华夏千年未有之大变局。有人天生世卿。有人贵为公子。他却重生成秦国小卒黑夫，云梦秦简中的小人物。为免死于沟壑，为掌握自己命运，他奋力向上攀爬。好在，他赶上了一个大时代。六王毕，四海一！千年血统,41.76万字
武侠世界大穿越,我叫排云掌,科幻,时空穿梭,一位武学天赋极高的现代散打高手，穿越于各类武侠世界中，一步步成为颠峰强者的故事！,807.48万字
国际制造商,二将,都市,异术超能,韩义在路上扫了个二维码，然后桌面上多了个应用。这个应用很奇怪，它可以捕捉到现实里的一切物品，通过解析来重组物品。【滴滴！！电路模块板-Dome-屏幕-前后盖-重组手机！】【滴滴！！75%纯棉-25%亚,131.62万字
凡人修仙传,忘语,仙侠,幻想修仙,"一个普通山村小子，偶然下进入到当地江湖小门派，成了一名记名弟子。他以这样身份，如何在门派中立足,如何以平庸的资质进入到修仙者的行列，从而笑傲三界之中！续篇《凡人修仙之仙界篇》已经在起点中文网上传了，欢",744.75万字
我在明朝当国公,千斤顶,历史,两宋元明,杨峰穿越了，他来到了大明，但他一点都不高兴，因为他快饿死了。想尽办法回到现代社会的他曾经立志再也不会到那个见鬼的年代了，但他很快就食言了，为了生活他只能一次又一次的在两个时空里穿梭。在大明他认识了很多,129.66万字
纯阳武神,十步行,玄幻,东方玄幻,浩瀚星空下，一个妖魔横行的世界。在这里，流云铁袖可以吞纳风云，九字真言可以降妖伏魔，太极拳剑可以扭动乾坤，这是一个属于武道的大汉天朝。当诸强的后代斩断传承，亿万年的战血蒸干混沌。当沉寂的战魂复苏，当时,370.32万字
至尊剑皇,半步沧桑,玄幻,东方玄幻,古幽大陆，万族林立，一个小镇中的少年，坠崖重生，掀起一场惊动千古的浪潮。,434.12万字
幻想世界大穿越,辰一十一,科幻,时空穿梭,当幻想成为现实，天朝少年能否踏上成神之路？拥有穿越异能的陈昂，穿越在幻想世界里。在《永无止境》的世界里，获得超人的智慧，在《超体》的世界里，窥视成神的奥秘，从《笑傲江湖》开始，修行内功，进化自己，由《,243.42万字
超品巫师,九灯和善,都市,都市生活,十几年前，一个叫《爸爸在这儿》的节目几位父亲带着萌萌哒的小女孩走进了一个偏僻的小山村而一位山村小道士混入了其中。 十几年后，一个在道观长大却得到巫师传承的青年带着一条老黄狗下山入城。。  跳大神，我也,58.72万字
无敌真寂寞,新丰,玄幻,东方玄幻,林凡来到异界，成为了一名光荣的普通弟子，原本身处在随时都能被人打成翔的处境中，可突然间，情况不对了。系统开启。叮：抽中永恒级BUFF：不死之身。这一刻，整个世界都不一样了。林凡：“你们能锤死我，算我输,101.13万字
位面电梯,千翠百恋,科幻,时空穿梭,一次偶然，东方玉发现老旧住宿楼的电梯，在特定的时间，能够随机传送到小说，电视剧，电影，乃至动漫的世界。从此，人生变得精彩了……V信书友聊天群已经建立，添加V信号410464410加入。企鹅聊天群:52,500.2万字
仙药供应商,糖醋于,都市,都市生活,一个闭塞的乡村，半座山，几间房，有人不远千里而来，豪车挤满了山间的小路，因为这里有一个年轻人，一副药可医白骨，活死人！,147.77万字
我是仙凡,百里玺,仙侠,幻想修仙,仙侠和种田结合。一名少年无意打开灵台，识海发现方寸灵山。从此种仙稻，养灵药，开洞府，开辟一片桃源仙境，踏上修仙之路。-------------------百里玺官方粉丝群：332804027,76.5万字
替天行盗,石章鱼,历史,架空历史,风本无形，我欲猎风！九州笑傲，替天行盗！青铜巨椁悬浮幽谷，红衣女尸沉睡千年。瀚海地宫斗转星移，冰海沉船阴魂不散。朝代更迭，世纪交接，一场惊天动地的风暴突然席卷神州，群雄并起，妖魔乱舞，山崩地裂，风云变,132.21万字
德意志崛起之路,终极侧位,历史,外国历史,穿越者站在新天鹅堡的露台上，遥望着柏林的方向。那里是帝国的中心。“总有一天，我会让世界都知道，普鲁士不等于德国，当霍亨索伦家族无法让这个帝国崛起的时候，就让南德意志接过他们的责任和荣耀吧！”全新的角度,383.83万字
我被系统托管了,木恒,科幻,进化变异,系统有了，身体却没了，重度拖延症晚期患者方宁开始了自我救赎（苟且偷生）之路。作品讨论群号：294035360VIP群号：我被系统托管了ⅤIP群，群聊号码：726249167有意见联系作者请加群,91.95万字
纣临,三天两觉,科幻,未来世界,死而以行为谥。残义损善者，谓之纣。然，此恶谥之祖，实是文治武功，一代枭雄。比之无数上谥之庸才，又当如何？若纣为罪，罪当再临。当这第五王国再次腐朽之时，逆十字的旗帜自当再现。那旗下之恶才、罪徒……亦将再,18.64万字
韩娱之心里的声音,鹤城风月,都市,都市生活,人的一生，或生的伟大，或死的光荣。当他回首过去的光阴时，可以自豪地说，我的一生并没有虚度。因为……净TMD倒霉了。金泰浩，你给我出来！现在你不是我的PD了，我也不是你的木偶了。你给我出来，我要和你决斗,318.15万字
无限制神话,废纸桥,仙侠,现代修真,楚河：有人叫我老司机，有人唤我套路王，还有人觉得我没点数，是个老阴哔，唯有我自己心里清楚，我只是个孜孜不倦的求道者，唯一值得争议的，或许就是奋斗的过程中手段稍微多了一点，其实真的不脏。一号书友群：28,226.38万字
在漫威当超级英雄的那些年,一吨大苹果,都市,异术超能,一个不小心穿越了，而且穿越了美利坚。好吧穿越美利坚也没什么不好的。但是那个拿着锤子漫天飞来飞去的家伙都是谁！嘿~谁在那里控制雷暴！不知道这种天气影响生意吗！还有那边那个绿皮的大家伙，没错说的就是你！不,296.58万字
国产英雄,傲无常,都市,异术超能,王焱同志：在2015年度“华东地区超能者违纪三项全面整治”、“热火朝天大干一百天再争辉煌”、“孤寡女妖送温暖”、“人妖和平共处知识全面普及”等专项工作中，表现优异，成绩突出。荣获‘先进个人’称号，特发,377.29万字
还看今朝,瑞根,都市,都市生活,当扑面而来的时代巨澜把懵懵懂懂的沙正阳卷入其中时，他是随波逐流，风花雪月，还是长缨在手，逆流击波？干想干的事，为恣意人生。做该做的事，为家国情怀。一万年太久，只争朝夕！到中流击水，浪遏飞舟！,18.69万字
复活之战斗在第三帝国,锋锐,军事,战争幻想,"一个中国留学生因为一起奇怪的飞行事故在欧洲丧身，也因为那件事故使他接下了一个奇怪的任务．复活的他被卷入了二战的硝烟之中．这里讲述的就是他如何为了生存和理想在那个世界战斗的故事公布作者QQ,520838",382.21万字
唐朝小闲人,南希北庆,历史,两晋隋唐,一个千门高手，因为一道闪电，莫名其妙的来到了大唐永徽四年。自此，一个个弥天大谎，让整个世界都为他起舞。不管是刚刚即位不久的唐高宗，还是当下权倾一时的长孙无忌，又或者是未来将会成为千古第一女皇的武则天。,715.41万字
侠行天下,zhttty,武侠,武侠幻想,武侠从没死去，侠，一直都在心中，侠不一定非得是封建社会，甚至不一定得是有门派，有江湖，侠，其实是我们的梦，那种路见不平，拔刀相助，那种十年磨一剑的梦。这本书的开始，就叫作十年一剑，故事发生在一个名叫一,259.06万字
都市之国术无双,鱼儿小小,都市,异术超能,“太极、八卦、形意、咏春……”一块学习芯片，开启无敌征途。抢夺主角气运，穿越三千世界，武破虚空。问苍茫天地，谁是主角？（本书首订358，一年过去了，均订4000，成绩翻了十倍有多，为什么吖？因为文文越,438.67万字
奶爸的异界餐厅,轻语江湖,二次元,原生幻想,诺兰大陆的混乱之城中，有着一家奇怪的餐厅。在这里，精灵要和矮人拼桌，兽人被严禁喧哗，巨龙只能围坐在餐厅前的小广场上，恶魔甚至需要自己带特制的凳子……但就是这么一家规矩奇葩的餐厅，门口却每天都排着长队。,71.04万字
超品相师,九灯和善,都市,都市生活,相师分九品，一品一重天风水有境界，明理，养气，修身，问道。二十一世纪的一位普通青年偶获诸葛亮生前的玄学传承，没有大志向的秦宇，只想守着老婆孩子热炕头，却机缘巧合一步步走上相师之巅，成就超品之尊，相地，,956.16万字
万道剑尊,打死都要钱,玄幻,东方玄幻,【热血爽文，一日十更！】远古大战，神域崩塌，众强陨落。大战之后，天地受限，世间再无神魔，只留下一座座神秘的远古战场。故事发生在一片由远古战场孕育而生的青火界内。少年得大天造化诀，在逆境中崛起，在绝境中,634.56万字
继承两万亿,侠想,都市,都市生活,白小升，一个平凡打工族，继承了两万亿世界级大财团！按遗嘱，他要从底层做起，来一次职位升级之旅。解锁层层系统辅助功能，解锁海量资金，纵横集团下各行各业子公司，笑傲人生。“我来告诉你一个秘密，虽然我是员工,174.58万字
我的身体有bug,不是浮云,游戏,虚拟网游,有没想过在武侠游戏里用魔法，西幻游戏里用武功，石器游戏里开歼星舰？《家园》是一款囊括一切的游戏，玩家可从家园进入一个个不同的游戏，体验不同游戏的同时，从中获得各种稀有道具和技能，通过家园带到别的游戏内,139.55万字
神道丹尊,孤单地飞,玄幻,东方玄幻,绝世强者、一代丹帝凌寒为追求成神之路而殒落，万年后携《不灭天经》重生于同名少年，从此风云涌动，与当世无数天才争锋，重启传奇之路，万古诸天我最强！普通群：273857096。VIP群（只限付费读者）：5,879.5万字
随身带个侏罗纪,木鱼和尚,都市,异术超能,随身带着恐龙大世界，燕飞原本只不过是想吃点恐龙蛋，尝尝恐龙肉……却忽然发现，自己也能变成恐龙，于是从一只小小的细颚龙开始，生活，变得越来越精彩了……（种田流小说，欢迎试读）(群：313392527）,306.82万字
我家客人你惹不起,烽火成林,都市,都市生活,五月一日，死神小学生柯南来家里做客，我被迫卷入到了一场刑事案件中。五月八日，蝙蝠侠韦恩老爷来家里做客，我被迫跟着他去打击犯罪，五月十六日沉默的羔羊汉尼拔来家里做客，我只能说一句，我家的客人你真的惹不起,133.8万字
独断大明,官笙,历史,两宋元明,天启三年，成了天启皇帝还有信王朱由检的弟弟，然后还做了皇帝。做了皇帝就要干点事情，一不小心还干大发了。独断大明—景阳宫群：177745561。独断大明—vip群:200269847（全订粉丝可加~）,269.8万字
乱清,青玉狮子,历史,清史民国,孤灯一盏，新月高悬，美人如玉，万里江山。一名小博物馆的兼职讲解员，经历了史上最悲催的穿越，死而后生，绝地求存，誓要凭一己之力，祸乱宫廷，颠覆王朝，开创一个全新的世代——吾今欲将大笔，重写春秋，天下尚且,499.52万字
北雄,河边草,历史,两晋隋唐,大业六年，强盛的大隋迎来了转折点。这一年，隋帝杨广开始准备征伐高句丽，顺势拉开了隋末战乱的序幕。接下来的几年间，天下板荡，群雄并起。十八路反王，六十四路烟尘，草莽豪杰，门阀世家，纷纷粉墨登场，逐鹿天下,208.41万字
重生之魔教教主,封七月,武侠,武侠幻想,意外身亡，楚休发现自己竟然穿越到了游戏世界《大江湖》当中，成为了游戏中还没成长起来的，第三版的最终反派大boss，祸乱江湖的魔教教主！《大江湖》当中融汇无数武侠背景，有东岛之王天子望气，谈笑杀人。有丐,57.26万字
英雄联盟之传奇正盛,小木不是小暮,游戏,电子竞技,【2017最爽LOL文】这一年，大魔王横压当世，三星双雄并起；这一年，国内全华班团结一心，势要争冠；这一年，PDD还在上路当皇帝，厂长也不懂4396是啥玩意；这一年小虎素人出道，兮夜见面砸熊……这一年,147.65万字
玄界旅行社,高森,玄幻,东方玄幻,找工作失败，通宵狂饮，结果却误入专门服务于修士的玄界旅行社！不过，这位前辈怎么看上去有些怪怪的，你怎么会有猫的耳朵呢？等一下，你为什么还会对猫薄荷这么敏感呢？感谢崔莲支援的后援团：337435371,161.96万字
五行天,方想,玄幻,东方玄幻,万界融合，灵力消散，历经百万年的修真世界轰然崩塌，蛮荒大举入侵，五行天成为修真者最后的防线。千年之后，来自旧土的卑微少年，以苦力之身，深入蛮荒三年，破格获得进入五行天深造的机会。渴望掌握命运而一心追求,202.71万字
临高启明,吹牛者,历史,架空历史,穿越到乱世不是被雷劈，是他们自己的选择。有人想称王制霸，有人想解民于倒悬，有人想以己之力，阻止最后一次野蛮对文明的征服，从而改写中华民族的历史。当然也有人想得只是三妻四妾，过现世过不上的极度腐败的生活,695.73万字
最强基因,零下九十度,玄幻,高武世界,你听过幸运光环吗？当陈锋发现，自己的幸运光环竟然可以自由控制的时候，他就知道，属于他的时代，来了。,150.78万字
超维术士,牧狐,玄幻,异世大陆,巫师的地位，在各大陆与泛位面中，超然无上。神秘、智慧、残忍、血腥，俨然是巫师的代名词。但真实的巫师又是什么样的？安格尔在接触巫师世界后，得出一个结论：巫师，是一种用唯心思想明照自我，却用唯物的态度辩证,286.9万字
万古神帝,飞天鱼,玄幻,东方玄幻,八百年前，明帝之子张若尘，被他的未婚妻池瑶公主杀死，一代天骄，就此陨落。八百年后，张若尘重新活了过来，却发现曾经杀死他的未婚妻，已经统一昆仑界，开辟出第一中央帝国，号称“池瑶女皇”。池瑶女皇——统御天,561.13万字
进化之眼,亚舍罗,玄幻,高武世界,出门一把刀，装备全靠爆！网文写手白小文，被一颗神奇眼球带到了百年之后的灵能时代。灵子渗透，变异兽肆虐，灵界怪物入侵，数据化的地球如同一个超大型游戏！我来了，我看见，我征服！白小文睁开神眼吼出强者语，然,111.49万字
